代號,名稱,成交,漲跌價,漲跌幅,法人買賣資料日期,外資連續買賣日數,外資連續買賣張數,外資買賣佔成交(%),外資買賣佔發行量(%),投信連續買賣日數,投信連續買賣張數,投信買賣佔成交(%),投信買賣佔發行量(%),自營連續買賣日數,自營連續買賣張數,自營買賣佔成交(%),自營買賣佔發行量(%),三大連續買賣日數,三大連續買賣張數,三大買賣佔成交(%),三大買賣佔發行量(%)
3071,協禧,18.3,0.3,1.67,08/22,13.0,323.0,11.8,0.27,0.0,0.0,0.0,0.0,-2.0,-2.0,0.26,0.0,13.0,323.0,11.8,0.27
00848B,中信新興亞洲債,41.51,0.0,0.0,08/22,0.0,0.0,0.0,0.0,0.0,0.0,0.0,0.0,12.0,767.0,22.3,1.49,12.0,767.0,22.3,1.49
2891C,中信金丙特,62.5,0.3,0.48,08/22,0.0,0.0,0.0,0.0,6.0,312.0,46.1,0.19,3.0,83.0,18.7,0.05,12.0,394.0,41.0,0.24
4960,誠美材,9.76,-0.01,-0.1,08/22,12.0,2225.0,21.2,0.33,0.0,0.0,0.0,0.0,-2.0,-39.0,3.74,0.01,12.0,1615.0,15.4,0.24
6283,淳安,35.85,0.65,1.85,08/22,12.0,477.0,24.5,0.32,0.0,0.0,0.0,0.0,0.0,0.0,0.0,0.0,12.0,474.0,24.4,0.32
6462,神盾,258.5,2.0,0.78,08/22,7.0,2251.0,7.33,3.16,11.0,3054.0,6.01,4.29,2.0,86.0,1.28,0.12,12.0,7114.0,13.1,10.0
1522,堤維西,30.4,0.8,2.7,08/22,11.0,3075.0,15.3,0.98,0.0,0.0,0.0,0.0,-1.0,-1.0,0.03,0.0,11.0,3066.0,15.3,0.98
2520,冠德,30.5,0.65,2.18,08/22,11.0,10551.0,12.2,2.09,2.0,832.0,6.1,0.17,-4.0,-857.0,4.02,0.17,11.0,14608.0,16.9,2.9
4104,佳醫,52.3,0.3,0.58,08/22,11.0,675.0,20.4,0.53,0.0,0.0,0.0,0.0,0.0,0.0,0.0,0.0,11.0,696.0,21.0,0.54
00641R,富邦日本反1,15.89,0.01,0.06,08/22,2.0,106.0,28.8,0.54,0.0,0.0,0.0,0.0,1.0,13.0,8.67,0.07,10.0,748.0,31.2,3.79
00739,元大MSCIA股,20.61,-0.14,-0.67,08/22,1.0,115.0,34.5,0.08,0.0,0.0,0.0,0.0,10.0,1839.0,39.5,1.33,10.0,1767.0,37.9,1.28
2313,華通,32.8,2.2,7.19,08/22,6.0,41471.0,9.02,3.48,9.0,30075.0,5.87,2.52,2.0,4903.0,2.52,0.41,10.0,91692.0,17.4,7.69
2340,光磊,22.5,-0.5,-2.17,08/22,10.0,5525.0,17.0,1.24,0.0,0.0,0.0,0.0,-1.0,-181.0,4.3,0.04,10.0,5275.0,16.2,1.18
2402,毅嘉,16.4,0.1,0.61,08/22,10.0,1026.0,19.7,0.33,0.0,0.0,0.0,0.0,0.0,0.0,0.0,0.0,10.0,1030.0,19.8,0.33
2405,浩鑫,12.0,0.05,0.42,08/22,10.0,1087.0,14.0,0.32,0.0,0.0,0.0,0.0,0.0,0.0,0.0,0.0,10.0,1086.0,14.0,0.32
3508,位速,32.95,-0.3,-0.9,08/22,10.0,898.0,17.6,0.88,0.0,0.0,0.0,0.0,0.0,0.0,0.0,0.0,10.0,893.0,17.5,0.87
4739,康普,76.7,-0.4,-0.52,08/22,10.0,1200.0,27.9,1.29,0.0,0.0,0.0,0.0,1.0,1.0,0.26,0.0,10.0,1232.0,28.6,1.32
4961,天鈺,39.2,-0.3,-0.76,08/22,10.0,1386.0,22.6,0.85,0.0,0.0,0.0,0.0,1.0,41.0,3.67,0.03,10.0,1448.0,23.6,0.89
5434,崇越,93.8,0.1,0.11,08/22,11.0,2246.0,17.3,1.24,0.0,0.0,0.0,0.0,-4.0,-56.0,1.33,0.03,10.0,2262.0,18.3,1.24
6683,雍智科技,212.0,19.0,9.84,08/22,-1.0,-12.0,1.25,0.04,9.0,1417.0,11.2,5.23,2.0,92.0,3.7,0.34,10.0,1858.0,12.9,6.86
8926,台汽電,27.5,0.05,0.18,08/22,12.0,2272.0,14.0,0.39,0.0,0.0,0.0,0.0,-2.0,-35.0,2.06,0.01,10.0,2398.0,16.9,0.41
3322,建舜電,8.9,-0.1,-1.11,08/22,2.0,9.0,7.2,0.01,0.0,0.0,0.0,0.0,0.0,0.0,0.0,0.0,9.0,123.0,3.82,0.13
3526,凡甲,61.9,0.3,0.49,08/22,6.0,49.0,5.41,0.08,0.0,0.0,0.0,0.0,0.0,0.0,0.0,0.0,9.0,74.0,5.42,0.12
4995,晶達,54.0,0.5,0.93,08/22,9.0,129.0,14.3,0.31,0.0,0.0,0.0,0.0,0.0,0.0,0.0,0.0,9.0,131.0,14.5,0.32
8163,達方,41.35,0.0,0.0,08/22,9.0,2290.0,19.0,0.82,0.0,0.0,0.0,0.0,-5.0,-331.0,5.93,0.12,9.0,2013.0,16.7,0.72
9927,泰銘,31.7,-0.25,-0.78,08/22,-1.0,-31.0,4.45,0.01,0.0,0.0,0.0,0.0,1.0,36.0,5.17,0.02,9.0,145.0,5.4,0.07
2303,聯電,13.25,-0.25,-1.85,08/22,8.0,17166.0,9.52,0.15,-1.0,-1710.0,6.42,0.01,1.0,124.0,0.47,0.0,8.0,15613.0,8.66,0.13
2640,大車隊,77.0,-0.3,-0.39,08/22,8.0,110.0,10.5,0.21,7.0,88.0,9.99,0.17,1.0,3.0,3.37,0.01,8.0,218.0,20.8,0.43
5388,中磊,82.2,-0.6,-0.72,08/22,8.0,13727.0,26.9,5.59,0.0,0.0,0.0,0.0,-2.0,-115.0,1.93,0.05,8.0,13458.0,26.3,5.48
5521,工信,7.09,-0.01,-0.14,08/22,8.0,834.0,27.6,0.24,0.0,0.0,0.0,0.0,0.0,0.0,0.0,0.0,8.0,834.0,27.6,0.24
6470,宇智,42.6,0.1,0.24,08/22,8.0,140.0,14.5,0.43,0.0,0.0,0.0,0.0,0.0,0.0,0.0,0.0,8.0,139.0,14.4,0.43
006205,富邦上証,30.79,-0.15,-0.48,08/22,0.0,0.0,0.0,0.0,0.0,0.0,0.0,0.0,3.0,286.0,5.93,0.09,7.0,978.0,8.37,0.29
1240,茂生農經,49.8,0.1,0.2,08/22,7.0,68.0,8.46,0.2,0.0,0.0,0.0,0.0,0.0,0.0,0.0,0.0,7.0,68.0,8.46,0.2
1338,廣華-KY,67.1,-0.4,-0.59,08/22,5.0,55.0,2.98,0.07,0.0,0.0,0.0,0.0,0.0,0.0,0.0,0.0,7.0,112.0,3.72,0.13
1599,宏佳騰,44.7,0.5,1.13,08/22,7.0,119.0,9.11,0.19,0.0,0.0,0.0,0.0,0.0,0.0,0.0,0.0,7.0,119.0,9.11,0.19
2063,世鎧,37.8,0.2,0.53,08/22,3.0,7.0,7.12,0.02,0.0,0.0,0.0,0.0,0.0,0.0,0.0,0.0,7.0,16.0,5.79,0.04
2467,志聖,28.0,0.15,0.54,08/22,7.0,450.0,19.7,0.3,0.0,0.0,0.0,0.0,-2.0,-5.0,1.07,0.0,7.0,445.0,19.5,0.3
2887E,台新戊特,55.8,0.0,0.0,08/22,0.0,0.0,0.0,0.0,7.0,952.0,65.7,0.19,0.0,0.0,0.0,0.0,7.0,952.0,65.7,0.19
2891B,中信金乙特,64.3,-0.1,-0.16,08/22,0.0,0.0,0.0,0.0,0.0,0.0,0.0,0.0,3.0,9.0,12.9,0.0,7.0,1145.0,62.6,0.34
3059,華晶科,24.2,0.05,0.21,08/22,7.0,814.0,19.8,0.3,0.0,0.0,0.0,0.0,1.0,44.0,5.28,0.02,7.0,839.0,20.4,0.31
3078,僑威,24.15,0.95,4.09,08/22,7.0,345.0,10.7,0.15,0.0,0.0,0.0,0.0,0.0,0.0,0.0,0.0,7.0,345.0,10.7,0.15
3083,網龍,63.7,0.9,1.43,08/22,7.0,844.0,5.75,0.98,1.0,145.0,2.74,0.17,4.0,414.0,3.21,0.48,7.0,1377.0,9.39,1.61
3213,茂訊,42.15,0.35,0.84,08/22,7.0,38.0,5.79,0.06,0.0,0.0,0.0,0.0,-1.0,0.0,0.25,0.0,7.0,53.0,8.09,0.09
3303,岱稜,26.35,0.3,1.15,08/22,3.0,185.0,5.68,0.19,0.0,0.0,0.0,0.0,0.0,0.0,0.0,0.0,7.0,524.0,9.01,0.55
3323,加百裕,29.8,-0.1,-0.33,08/22,-1.0,-3.0,1.59,0.0,0.0,0.0,0.0,0.0,1.0,11.0,5.87,0.01,7.0,319.0,26.0,0.37
4991,環宇-KY,65.5,0.5,0.77,08/22,7.0,1020.0,9.2,1.12,0.0,0.0,0.0,0.0,2.0,70.0,2.04,0.08,7.0,1076.0,9.7,1.19
5206,坤悅,18.75,0.1,0.54,08/22,7.0,76.0,3.79,0.05,0.0,0.0,0.0,0.0,-1.0,0.0,0.12,0.0,7.0,82.0,4.08,0.06
5305,敦南,40.95,0.1,0.24,08/22,7.0,8530.0,20.3,2.73,0.0,0.0,0.0,0.0,0.0,0.0,0.0,0.0,7.0,9114.0,21.7,2.92
6191,精成科,17.4,0.1,0.58,08/22,7.0,2878.0,6.34,0.56,0.0,0.0,0.0,0.0,0.0,0.0,0.0,0.0,7.0,2943.0,6.49,0.57
9904,寶成,38.25,-0.05,-0.13,08/22,6.0,5730.0,13.7,0.19,3.0,1000.0,4.78,0.03,1.0,44.0,0.54,0.0,7.0,6560.0,14.4,0.22
9951,皇田,92.6,-0.4,-0.43,08/22,7.0,777.0,12.1,1.04,0.0,0.0,0.0,0.0,-1.0,-49.0,4.26,0.07,7.0,954.0,14.9,1.27
00655L,國泰中國A50正2,32.9,-0.26,-0.78,08/22,1.0,1168.0,15.0,0.38,0.0,0.0,0.0,0.0,-1.0,-1066.0,13.7,0.35,6.0,8913.0,16.9,2.89
00846B,富邦歐洲銀行債,41.24,0.09,0.22,08/22,0.0,0.0,0.0,0.0,0.0,0.0,0.0,0.0,6.0,22.0,1.69,0.15,6.0,22.0,1.69,0.15
1231,聯華食,45.55,-0.15,-0.33,08/22,6.0,163.0,10.5,0.1,0.0,0.0,0.0,0.0,0.0,0.0,0.0,0.0,6.0,163.0,10.5,0.1
1526,日馳,30.05,0.05,0.17,08/22,6.0,142.0,9.1,0.24,0.0,0.0,0.0,0.0,-1.0,0.0,0.11,0.0,6.0,142.0,9.1,0.24
2065,世豐,42.2,-0.1,-0.24,08/22,6.0,145.0,9.1,0.44,0.0,0.0,0.0,0.0,-1.0,0.0,0.0,0.0,6.0,289.0,18.1,0.88
2323,中環,7.6,-0.12,-1.55,08/22,6.0,35242.0,10.1,2.04,0.0,0.0,0.0,0.0,-1.0,-370.0,0.99,0.02,6.0,36990.0,10.6,2.14
2328,廣宇,24.5,0.4,1.66,08/22,7.0,1920.0,19.4,0.37,0.0,0.0,0.0,0.0,3.0,143.0,3.04,0.03,6.0,2028.0,23.9,0.39
2401,凌陽,13.8,-0.2,-1.43,08/22,6.0,2751.0,17.3,0.46,0.0,0.0,0.0,0.0,-3.0,-67.0,0.77,0.01,6.0,2815.0,17.7,0.48
2478,大毅,33.65,0.15,0.45,08/22,6.0,2486.0,24.0,1.28,0.0,0.0,0.0,0.0,0.0,0.0,0.0,0.0,6.0,2474.0,23.9,1.28
3206,志豐,29.15,-0.15,-0.51,08/22,6.0,332.0,13.5,0.62,0.0,0.0,0.0,0.0,0.0,0.0,0.0,0.0,6.0,360.0,14.6,0.67
3231,緯創,24.55,0.2,0.82,08/22,8.0,38257.0,37.0,1.35,4.0,298.0,0.55,0.01,1.0,184.0,1.28,0.01,6.0,32245.0,43.2,1.13
3530,晶相光,93.8,8.5,9.96,08/22,6.0,233.0,3.31,0.3,2.0,100.0,1.6,0.13,1.0,1.0,0.02,0.0,6.0,334.0,4.74,0.43
3540,曜越,28.4,0.15,0.53,08/22,6.0,221.0,11.7,0.33,0.0,0.0,0.0,0.0,0.0,0.0,0.0,0.0,6.0,221.0,11.7,0.33
3698,隆達,15.5,-0.3,-1.9,08/22,9.0,3277.0,24.1,0.63,0.0,0.0,0.0,0.0,-1.0,-41.0,2.47,0.01,6.0,2780.0,25.8,0.54
3703,欣陸,15.5,0.0,0.0,08/22,6.0,2430.0,24.0,0.3,0.0,0.0,0.0,0.0,0.0,0.0,0.0,0.0,6.0,2427.0,24.0,0.29
4721,美琪瑪,69.7,0.4,0.58,08/22,7.0,159.0,5.34,0.21,0.0,0.0,0.0,0.0,-1.0,-55.0,7.73,0.07,6.0,305.0,11.0,0.41
4735,豪展,44.3,-0.5,-1.12,08/22,6.0,51.0,5.47,0.15,0.0,0.0,0.0,0.0,2.0,2.0,0.89,0.01,6.0,56.0,6.01,0.17
4924,欣厚-KY,9.0,-0.1,-1.1,08/22,6.0,29.0,21.4,0.08,0.0,0.0,0.0,0.0,0.0,0.0,0.0,0.0,6.0,29.0,21.4,0.08
4939,亞電,19.15,0.3,1.59,08/22,6.0,169.0,3.8,0.17,0.0,0.0,0.0,0.0,0.0,0.0,0.0,0.0,6.0,169.0,3.8,0.17
4956,光鋐,14.45,0.1,0.7,08/22,6.0,120.0,13.4,0.12,0.0,0.0,0.0,0.0,3.0,57.0,10.3,0.06,6.0,181.0,20.2,0.18
5607,遠雄港,23.95,0.1,0.42,08/22,6.0,543.0,6.6,0.32,0.0,0.0,0.0,0.0,0.0,0.0,0.0,0.0,6.0,675.0,8.21,0.4
6104,創惟,31.65,0.25,0.8,08/22,6.0,185.0,17.9,0.2,0.0,0.0,0.0,0.0,-2.0,-23.0,5.95,0.03,6.0,162.0,15.7,0.18
6114,久威,40.15,0.65,1.65,08/22,6.0,58.0,5.9,0.13,0.0,0.0,0.0,0.0,3.0,8.0,1.3,0.02,6.0,87.0,8.8,0.2
6120,達運,17.4,0.05,0.29,08/22,6.0,1204.0,32.5,0.18,0.0,0.0,0.0,0.0,1.0,3.0,0.47,0.0,6.0,1235.0,33.3,0.19
6412,群電,58.2,-0.6,-1.02,08/22,6.0,671.0,10.9,0.17,0.0,0.0,0.0,0.0,1.0,5.0,0.78,0.0,6.0,682.0,11.1,0.18
6477,安集,21.1,-0.05,-0.24,08/22,6.0,214.0,16.9,0.23,0.0,0.0,0.0,0.0,0.0,0.0,0.0,0.0,6.0,215.0,17.0,0.23
6510,精測,698.0,42.0,6.4,08/22,14.0,2731.0,13.5,8.33,2.0,215.0,9.79,0.66,-1.0,-19.0,1.66,0.06,6.0,656.0,13.8,2.0
6561,是方,240.0,-4.0,-1.64,08/22,8.0,329.0,16.8,0.47,0.0,0.0,0.0,0.0,3.0,19.0,1.48,0.03,6.0,290.0,17.8,0.42
8150,南茂,30.55,0.0,0.0,08/22,6.0,9921.0,21.1,1.36,0.0,0.0,0.0,0.0,1.0,22.0,0.3,0.0,6.0,9634.0,20.5,1.32
910322,康師傅-DR,24.9,-0.1,-0.4,08/22,6.0,35.0,85.4,0.17,0.0,0.0,0.0,0.0,0.0,0.0,0.0,0.0,6.0,35.0,85.4,0.17
0050,元大台灣50,80.9,-0.2,-0.25,08/22,2.0,9304.0,60.1,0.65,0.0,0.0,0.0,0.0,1.0,483.0,5.15,0.03,5.0,12357.0,38.3,0.87
00631L,元大台灣50正2,39.24,-0.15,-0.38,08/22,5.0,1105.0,12.1,4.89,0.0,0.0,0.0,0.0,5.0,1685.0,18.5,7.46,5.0,2790.0,30.6,12.4
00685L,群益臺灣加權正2,13.86,-0.01,-0.07,08/22,0.0,0.0,0.0,0.0,0.0,0.0,0.0,0.0,4.0,50.0,44.2,0.55,5.0,72.0,60.5,0.79
00733,富邦臺灣中小,18.41,0.11,0.6,08/22,0.0,0.0,0.0,0.0,0.0,0.0,0.0,0.0,5.0,97.0,8.12,1.3,5.0,97.0,8.12,1.3
020008,元大特股高息N,10.11,0.0,0.0,08/22,0.0,0.0,0.0,0.0,0.0,0.0,0.0,0.0,5.0,343.0,47.4,,5.0,343.0,47.4,
1304,台聚,12.3,0.05,0.41,08/22,5.0,1701.0,15.8,0.14,0.0,0.0,0.0,0.0,0.0,0.0,0.0,0.0,5.0,1696.0,15.8,0.14
1441,大東,14.3,0.0,0.0,08/22,5.0,116.0,8.62,0.15,0.0,0.0,0.0,0.0,0.0,0.0,0.0,0.0,5.0,116.0,8.62,0.15
1504,東元,25.3,0.1,0.4,08/22,5.0,14169.0,37.6,0.72,1.0,161.0,3.3,0.01,-3.0,-323.0,1.88,0.02,5.0,14812.0,39.3,0.75
1560,中砂,60.9,0.3,0.5,08/22,2.0,62.0,5.78,0.04,0.0,0.0,0.0,0.0,2.0,17.0,1.58,0.01,5.0,245.0,5.19,0.17
2102,泰豐,11.3,-0.05,-0.44,08/22,5.0,363.0,7.9,0.08,0.0,0.0,0.0,0.0,0.0,0.0,0.0,0.0,5.0,364.0,7.92,0.08
2342,茂矽,20.25,0.65,3.32,08/22,5.0,1024.0,34.1,0.65,0.0,0.0,0.0,0.0,0.0,0.0,0.0,0.0,5.0,983.0,32.7,0.63
2376,技嘉,53.3,0.2,0.38,08/22,5.0,24564.0,27.2,3.86,0.0,0.0,0.0,0.0,-2.0,-708.0,3.13,0.11,5.0,25104.0,27.8,3.95
2457,飛宏,8.9,-0.02,-0.22,08/22,5.0,1058.0,21.9,0.31,0.0,0.0,0.0,0.0,0.0,0.0,0.0,0.0,5.0,968.0,20.0,0.29
2601,益航,12.15,0.0,0.0,08/22,7.0,1481.0,8.13,0.23,0.0,0.0,0.0,0.0,1.0,84.0,5.65,0.01,5.0,1391.0,12.7,0.22
2605,新興,16.1,0.1,0.62,08/22,5.0,950.0,11.6,0.17,0.0,0.0,0.0,0.0,0.0,0.0,0.0,0.0,5.0,1080.0,13.1,0.19
2855,統一證,12.8,0.15,1.19,08/22,5.0,520.0,11.1,0.04,0.0,0.0,0.0,0.0,0.0,0.0,0.0,0.0,5.0,509.0,10.8,0.04
2913,農林,15.65,0.05,0.32,08/22,5.0,496.0,13.0,0.06,0.0,0.0,0.0,0.0,-1.0,-87.0,8.69,0.01,5.0,441.0,11.5,0.06
3023,信邦,137.0,2.0,1.48,08/22,14.0,4172.0,24.2,1.82,0.0,0.0,0.0,0.0,-6.0,-116.0,2.83,0.05,5.0,544.0,16.9,0.24
3030,德律,48.5,0.1,0.21,08/22,5.0,224.0,14.9,0.09,0.0,0.0,0.0,0.0,1.0,5.0,1.48,0.0,5.0,257.0,17.1,0.11
3362,先進光,50.0,-0.3,-0.6,08/22,5.0,84.0,7.5,0.08,0.0,0.0,0.0,0.0,0.0,0.0,0.0,0.0,5.0,84.0,7.5,0.08
3390,旭軟,22.95,-0.05,-0.22,08/22,4.0,97.0,11.9,0.14,0.0,0.0,0.0,0.0,0.0,0.0,0.0,0.0,5.0,98.0,10.3,0.15
3413,京鼎,116.5,1.5,1.3,08/22,5.0,223.0,20.2,0.27,0.0,0.0,0.0,0.0,1.0,2.0,0.63,0.0,5.0,228.0,20.7,0.28
3535,晶彩科,27.35,-0.5,-1.8,08/22,6.0,1506.0,11.2,1.91,0.0,0.0,0.0,0.0,0.0,0.0,0.0,0.0,5.0,1378.0,11.9,1.74
3661,世芯-KY,128.0,11.5,9.87,08/22,2.0,550.0,3.49,0.91,8.0,3986.0,7.59,6.62,3.0,107.0,0.45,0.18,5.0,4001.0,11.1,6.65
4107,邦特,138.0,2.0,1.47,08/22,5.0,1191.0,27.0,1.72,0.0,0.0,0.0,0.0,2.0,50.0,3.96,0.07,5.0,1371.0,31.1,1.98
4167,展旺,18.05,0.1,0.56,08/22,5.0,466.0,23.3,0.17,0.0,0.0,0.0,0.0,-2.0,-50.0,4.33,0.02,5.0,380.0,19.0,0.14
4549,桓達,93.5,0.5,0.54,08/22,5.0,53.0,14.6,0.13,0.0,0.0,0.0,0.0,-4.0,-23.0,6.99,0.06,5.0,30.0,8.25,0.07
4971,IET-KY,62.7,0.2,0.32,08/22,5.0,140.0,14.3,0.38,0.0,0.0,0.0,0.0,2.0,9.0,2.38,0.02,5.0,149.0,15.2,0.41
5285,界霖,59.1,-0.9,-1.5,08/22,5.0,74.0,22.6,0.09,0.0,0.0,0.0,0.0,-2.0,-3.0,1.55,0.0,5.0,71.0,21.7,0.08
5328,華容,6.65,-0.03,-0.45,08/22,5.0,84.0,8.75,0.05,0.0,0.0,0.0,0.0,-1.0,-1.0,0.65,0.0,5.0,84.0,8.75,0.05
5471,松翰,34.25,0.0,0.0,08/22,5.0,765.0,16.8,0.46,0.0,0.0,0.0,0.0,0.0,0.0,0.0,0.0,5.0,775.0,17.1,0.46
5511,德昌,27.25,0.05,0.18,08/22,7.0,60.0,4.97,0.05,0.0,0.0,0.0,0.0,0.0,0.0,0.0,0.0,5.0,44.0,6.73,0.04
5512,力麒,9.8,-0.05,-0.51,08/22,5.0,1131.0,11.0,0.15,0.0,0.0,0.0,0.0,0.0,0.0,0.0,0.0,5.0,1301.0,12.7,0.17
6108,競國,27.75,0.15,0.54,08/22,5.0,353.0,9.01,0.22,0.0,0.0,0.0,0.0,0.0,0.0,0.0,0.0,5.0,347.0,8.86,0.22
6186,新潤,25.3,0.85,3.48,08/22,5.0,643.0,11.7,0.64,0.0,0.0,0.0,0.0,0.0,0.0,0.0,0.0,5.0,643.0,11.7,0.64
6654,天正國際,50.4,0.2,0.4,08/22,5.0,22.0,10.4,0.07,0.0,0.0,0.0,0.0,0.0,0.0,0.0,0.0,5.0,22.0,10.4,0.07
8011,台通,15.45,-0.15,-0.96,08/22,5.0,13.0,1.56,0.01,0.0,0.0,0.0,0.0,0.0,0.0,0.0,0.0,5.0,23.0,2.76,0.02
8071,能率網通,14.65,-0.05,-0.34,08/22,5.0,46.0,8.29,0.09,0.0,0.0,0.0,0.0,0.0,0.0,0.0,0.0,5.0,46.0,8.29,0.09
8112,至上,28.9,0.0,0.0,08/22,5.0,1496.0,12.9,0.4,0.0,0.0,0.0,0.0,-3.0,-17.0,0.23,0.0,5.0,1480.0,12.8,0.39
8183,精星,15.6,-0.05,-0.32,08/22,5.0,510.0,28.5,0.42,0.0,0.0,0.0,0.0,0.0,0.0,0.0,0.0,5.0,510.0,28.5,0.42
8415,大國鋼,34.05,-0.15,-0.44,08/22,5.0,762.0,27.8,0.07,0.0,0.0,0.0,0.0,0.0,0.0,0.0,0.0,5.0,741.0,27.0,0.07
00658L,國泰日本正2,29.73,0.01,0.03,08/22,2.0,7.0,10.1,0.14,0.0,0.0,0.0,0.0,1.0,5.0,13.9,0.1,4.0,57.0,22.8,1.18
00662,富邦NASDAQ,32.69,0.09,0.28,08/22,0.0,0.0,0.0,0.0,0.0,0.0,0.0,0.0,4.0,44.0,8.05,0.04,4.0,44.0,8.05,0.04
00683L,元大美元指數正2,19.7,0.11,0.56,08/22,3.0,15.0,41.7,0.25,0.0,0.0,0.0,0.0,2.0,5.0,17.9,0.08,4.0,75.0,74.3,1.26
00700,富邦恒生國企,19.67,-0.11,-0.56,08/22,1.0,2.0,1.8,0.03,0.0,0.0,0.0,0.0,0.0,0.0,0.0,0.0,4.0,98.0,17.3,1.51
00715L,華頓S&P;布蘭特正2,18.88,-0.14,-0.74,08/22,0.0,0.0,0.0,0.0,0.0,0.0,0.0,0.0,4.0,236.0,54.4,6.97,4.0,236.0,54.4,6.97
00757,統一FANG+,20.08,-0.13,-0.64,08/22,0.0,0.0,0.0,0.0,0.0,0.0,0.0,0.0,4.0,131.0,3.11,2.38,4.0,131.0,3.11,2.38
00762,元大全球AI,23.58,0.13,0.55,08/22,0.0,0.0,0.0,0.0,0.0,0.0,0.0,0.0,4.0,326.0,52.9,1.79,4.0,326.0,52.9,1.79
00766L,台新MSCI中國正2,9.22,-0.14,-1.5,08/22,0.0,0.0,0.0,0.0,0.0,0.0,0.0,0.0,4.0,934.0,24.1,4.26,4.0,934.0,24.1,4.26
00785B,富邦金融投等債,46.79,0.14,0.3,08/22,1.0,16.0,6.66,0.01,0.0,0.0,0.0,0.0,-1.0,-1.0,0.42,0.0,4.0,40.0,4.97,0.02
00786B,元大10年IG銀行債,46.31,0.24,0.52,08/22,1.0,118.0,10.8,0.78,0.0,0.0,0.0,0.0,-1.0,-108.0,9.92,0.72,4.0,85.0,2.46,0.56
00788B,元大10年IG電能債,45.77,0.22,0.48,08/22,3.0,337.0,9.66,0.94,0.0,0.0,0.0,0.0,-3.0,-295.0,8.46,0.83,4.0,49.0,1.25,0.14
00830,國泰費城半導體,14.87,0.08,0.54,08/22,1.0,300.0,43.2,0.37,0.0,0.0,0.0,0.0,4.0,631.0,22.0,0.78,4.0,1524.0,53.2,1.89
020002,元富新中國N,13.88,-0.05,-0.36,08/22,0.0,0.0,0.0,0.0,0.0,0.0,0.0,0.0,4.0,26.0,89.7,,4.0,26.0,89.7,
1227,佳格,60.1,0.5,0.84,08/22,3.0,981.0,37.0,0.11,0.0,0.0,0.0,0.0,-2.0,-79.0,4.24,0.01,4.0,937.0,30.3,0.1
1312A,國喬特,33.8,0.0,0.0,08/22,0.0,0.0,0.0,0.0,0.0,0.0,0.0,0.0,4.0,13.0,100.0,0.06,4.0,13.0,100.0,0.06
1569,濱川,21.8,-0.05,-0.23,08/22,3.0,32.0,1.48,0.03,0.0,0.0,0.0,0.0,0.0,0.0,0.0,0.0,4.0,47.0,1.47,0.04
1727,中華化,12.3,-0.15,-1.2,08/22,4.0,20.0,3.76,0.02,0.0,0.0,0.0,0.0,0.0,0.0,0.0,0.0,4.0,20.0,3.76,0.02
2062,橋椿,30.9,0.35,1.15,08/22,4.0,219.0,28.6,0.13,0.0,0.0,0.0,0.0,0.0,0.0,0.0,0.0,4.0,219.0,28.6,0.13
2330,台積電,254.0,-0.5,-0.2,08/22,4.0,10680.0,12.1,0.04,4.0,2155.0,2.45,0.01,-6.0,-2820.0,1.98,0.01,4.0,10458.0,11.9,0.04
2359,所羅門,21.65,-0.05,-0.23,08/22,4.0,354.0,4.5,0.21,0.0,0.0,0.0,0.0,2.0,6.0,0.11,0.0,4.0,358.0,4.56,0.21
2377,微星,88.9,-0.4,-0.45,08/22,4.0,6242.0,28.1,0.74,-2.0,-518.0,4.48,0.06,-2.0,-63.0,0.54,0.01,4.0,5826.0,26.3,0.69
2417,圓剛,10.75,0.05,0.47,08/22,4.0,77.0,7.31,0.04,0.0,0.0,0.0,0.0,0.0,0.0,0.0,0.0,4.0,109.0,10.3,0.06
2481,強茂,27.05,0.3,1.12,08/22,4.0,7736.0,32.4,2.09,0.0,0.0,0.0,0.0,-1.0,-66.0,0.94,0.02,4.0,7905.0,33.1,2.14
2642,宅配通,26.4,-0.2,-0.75,08/22,4.0,161.0,5.47,0.17,0.0,0.0,0.0,0.0,0.0,0.0,0.0,0.0,4.0,161.0,5.47,0.17
2906,高林,11.65,0.0,0.0,08/22,4.0,138.0,15.3,0.07,0.0,0.0,0.0,0.0,0.0,0.0,0.0,0.0,4.0,138.0,15.3,0.07
3081,聯亞,253.5,-0.5,-0.2,08/22,4.0,527.0,16.2,0.58,0.0,0.0,0.0,0.0,1.0,8.0,1.79,0.01,4.0,508.0,15.6,0.56
3128,昇銳,13.8,0.05,0.36,08/22,4.0,22.0,10.8,0.05,0.0,0.0,0.0,0.0,-1.0,0.0,0.01,0.0,4.0,22.0,10.8,0.05
3131,弘塑,137.0,0.0,0.0,08/22,4.0,22.0,5.25,0.08,0.0,0.0,0.0,0.0,0.0,0.0,0.0,0.0,4.0,22.0,5.25,0.08
3224,三顧,58.5,1.4,2.45,08/22,4.0,189.0,37.3,0.33,0.0,0.0,0.0,0.0,0.0,0.0,0.0,0.0,4.0,189.0,37.3,0.33
3312,弘憶股,16.25,0.0,0.0,08/22,4.0,395.0,3.91,0.36,0.0,0.0,0.0,0.0,2.0,86.0,1.45,0.08,4.0,478.0,4.73,0.43
3356,奇偶,31.65,0.15,0.48,08/22,6.0,371.0,23.3,0.41,0.0,0.0,0.0,0.0,0.0,0.0,0.0,0.0,4.0,314.0,29.7,0.35
3380,明泰,24.3,0.4,1.67,08/22,4.0,2089.0,11.0,0.38,0.0,0.0,0.0,0.0,-2.0,-372.0,3.42,0.07,4.0,1753.0,9.22,0.32
3518,柏騰,21.4,0.85,4.14,08/22,5.0,176.0,23.6,0.22,0.0,0.0,0.0,0.0,0.0,0.0,0.0,0.0,4.0,170.0,24.9,0.21
3680,家登,76.7,3.5,4.78,08/22,4.0,601.0,9.28,0.85,0.0,0.0,0.0,0.0,1.0,12.0,0.43,0.02,4.0,617.0,9.52,0.87
4130,健亞,26.5,-0.05,-0.19,08/22,4.0,11.0,3.48,0.01,0.0,0.0,0.0,0.0,0.0,0.0,0.0,0.0,4.0,11.0,3.48,0.01
4157,太景*-KY,17.45,0.6,3.56,08/22,4.0,475.0,11.6,0.07,0.0,0.0,0.0,0.0,1.0,1.0,0.02,0.0,4.0,476.0,11.6,0.07
4529,淳紳,19.45,1.75,9.89,08/22,5.0,295.0,8.29,0.35,0.0,0.0,0.0,0.0,0.0,0.0,0.0,0.0,4.0,291.0,8.88,0.35
4912,聯德控股-KY,124.0,1.0,0.81,08/22,4.0,28.0,8.18,0.07,0.0,0.0,0.0,0.0,1.0,1.0,0.93,0.0,4.0,22.0,6.4,0.05
5201,凱衛,28.8,-0.05,-0.17,08/22,4.0,13.0,18.5,0.04,0.0,0.0,0.0,0.0,-2.0,0.0,0.14,0.0,4.0,16.0,22.7,0.05
5301,寶得利,16.0,0.0,0.0,08/22,4.0,126.0,9.23,0.09,0.0,0.0,0.0,0.0,1.0,10.0,1.52,0.01,4.0,136.0,9.98,0.1
5309,系統電,6.6,0.07,1.07,08/22,4.0,33.0,5.14,0.02,0.0,0.0,0.0,0.0,1.0,1.0,0.31,0.0,4.0,34.0,5.34,0.02
5474,聰泰,88.5,-0.2,-0.23,08/22,4.0,86.0,4.84,0.25,0.0,0.0,0.0,0.0,0.0,0.0,0.0,0.0,4.0,86.0,4.84,0.25
5519,隆大,16.95,0.05,0.3,08/22,4.0,697.0,14.4,0.35,0.0,0.0,0.0,0.0,0.0,0.0,0.0,0.0,4.0,630.0,13.0,0.32
6101,寬魚國際,51.9,0.4,0.78,08/22,3.0,13.0,30.1,0.02,0.0,0.0,0.0,0.0,1.0,1.0,4.12,0.0,4.0,13.0,26.9,0.02
6121,新普,252.0,-1.5,-0.59,08/22,5.0,767.0,21.6,0.41,-2.0,-259.0,20.9,0.14,2.0,14.0,1.13,0.01,4.0,580.0,19.8,0.31
6220,岳豐,27.95,0.1,0.36,08/22,4.0,177.0,19.0,0.14,0.0,0.0,0.0,0.0,1.0,14.0,7.27,0.01,4.0,191.0,20.5,0.15
6257,矽格,30.9,0.25,0.82,08/22,4.0,3035.0,15.0,0.77,0.0,0.0,0.0,0.0,1.0,39.0,0.88,0.01,4.0,3038.0,15.0,0.78
6261,久元,44.3,0.05,0.11,08/22,4.0,74.0,9.02,0.06,0.0,0.0,0.0,0.0,0.0,0.0,0.0,0.0,4.0,74.0,9.02,0.06
6282,康舒,23.4,0.3,1.3,08/22,4.0,2754.0,16.0,0.53,0.0,0.0,0.0,0.0,2.0,1601.0,14.0,0.31,4.0,4299.0,25.0,0.83
6438,迅得,67.4,-0.1,-0.15,08/22,1.0,5.0,0.08,0.01,4.0,1570.0,7.08,2.72,2.0,79.0,0.52,0.14,4.0,1491.0,6.72,2.58
6497,亞獅康-KY,10.8,-1.2,-10.0,08/22,4.0,1079.0,21.4,0.67,0.0,0.0,0.0,0.0,0.0,0.0,0.0,0.0,4.0,1079.0,21.4,0.67
6514,芮特-KY,58.3,0.7,1.22,08/22,4.0,29.0,4.71,0.1,0.0,0.0,0.0,0.0,0.0,0.0,0.0,0.0,4.0,30.0,4.87,0.1
6669,緯穎,455.0,10.0,2.25,08/22,8.0,2993.0,13.8,1.71,4.0,336.0,3.44,0.19,1.0,29.0,1.45,0.02,4.0,2280.0,23.4,1.31
8074,鉅橡,18.55,0.1,0.54,08/22,4.0,26.0,6.52,0.03,0.0,0.0,0.0,0.0,-1.0,0.0,0.16,0.0,4.0,26.0,6.42,0.03
8121,越峰,12.55,-0.1,-0.79,08/22,4.0,21.0,4.09,0.01,0.0,0.0,0.0,0.0,0.0,0.0,0.0,0.0,4.0,21.0,4.09,0.01
8210,勤誠,69.6,-0.9,-1.28,08/22,3.0,461.0,12.5,0.39,0.0,0.0,0.0,0.0,-1.0,-55.0,5.71,0.05,4.0,411.0,7.13,0.34
8358,金居,42.3,0.3,0.71,08/22,-1.0,-48.0,0.36,0.02,2.0,657.0,2.39,0.26,2.0,449.0,1.63,0.18,4.0,2737.0,4.1,1.08
8390,金益鼎,17.6,-0.25,-1.4,08/22,4.0,143.0,8.14,0.15,0.0,0.0,0.0,0.0,0.0,0.0,0.0,0.0,4.0,143.0,8.14,0.15
006207,FH滬深,23.13,-0.07,-0.3,08/22,1.0,1.0,4.17,0.0,0.0,0.0,0.0,0.0,3.0,18.0,7.67,0.02,3.0,19.0,8.09,0.02
00675L,富邦臺灣加權正2,15.7,-0.08,-0.51,08/22,-1.0,-1.0,0.31,0.01,0.0,0.0,0.0,0.0,3.0,402.0,59.2,4.85,3.0,454.0,66.8,5.48
00690,兆豐藍籌30,21.59,0.05,0.23,08/22,0.0,0.0,0.0,0.0,0.0,0.0,0.0,0.0,3.0,48.0,9.07,0.24,3.0,48.0,9.07,0.24
00711B,FH彭博新興債,23.1,0.1,0.43,08/22,0.0,0.0,0.0,0.0,0.0,0.0,0.0,0.0,3.0,167.0,17.0,0.05,3.0,167.0,17.0,0.05
00851,台新全球AI,20.65,0.07,0.34,08/22,0.0,0.0,0.0,0.0,0.0,0.0,0.0,0.0,3.0,14.0,20.0,0.16,3.0,14.0,20.0,0.16
1235,興泰,28.3,0.0,0.0,08/22,0.0,0.0,0.0,0.0,0.0,0.0,0.0,0.0,1.0,0.0,49.2,0.0,3.0,5.0,18.6,0.01
1315,達新,30.85,0.15,0.49,08/22,3.0,23.0,4.43,0.01,0.0,0.0,0.0,0.0,0.0,0.0,0.0,0.0,3.0,23.0,4.43,0.01
1410,南染,26.3,-0.05,-0.19,08/22,0.0,0.0,0.0,0.0,0.0,0.0,0.0,0.0,4.0,1.0,3.38,0.0,3.0,4.0,16.4,0.01
1413,宏洲,12.25,0.1,0.82,08/22,0.0,0.0,0.0,0.0,0.0,0.0,0.0,0.0,1.0,0.0,0.22,0.0,3.0,4.0,2.51,0.0
1417,嘉裕,6.61,0.01,0.15,08/22,3.0,316.0,7.39,0.08,0.0,0.0,0.0,0.0,0.0,0.0,0.0,0.0,3.0,316.0,7.39,0.08
1423,利華,10.45,0.05,0.48,08/22,3.0,7.0,2.76,0.01,0.0,0.0,0.0,0.0,0.0,0.0,0.0,0.0,3.0,7.0,2.76,0.01
1432,大魯閣,7.09,0.04,0.57,08/22,3.0,40.0,8.83,0.02,0.0,0.0,0.0,0.0,-1.0,0.0,0.11,0.0,3.0,40.0,8.77,0.02
1437,勤益控,23.15,0.15,0.65,08/22,3.0,80.0,8.93,0.04,0.0,0.0,0.0,0.0,0.0,0.0,0.0,0.0,3.0,80.0,8.93,0.04
1467,南緯,8.78,-0.01,-0.11,08/22,3.0,14.0,3.56,0.01,0.0,0.0,0.0,0.0,0.0,0.0,0.0,0.0,3.0,12.0,3.05,0.01
1473,台南,25.4,-0.05,-0.2,08/22,3.0,74.0,23.4,0.05,0.0,0.0,0.0,0.0,0.0,0.0,0.0,0.0,3.0,65.0,20.6,0.04
1521,大億,63.7,0.6,0.95,08/22,3.0,25.0,9.11,0.03,0.0,0.0,0.0,0.0,0.0,0.0,0.0,0.0,3.0,25.0,9.11,0.03
1586,和勤,33.3,-0.1,-0.3,08/22,3.0,27.0,4.0,0.04,0.0,0.0,0.0,0.0,0.0,0.0,0.0,0.0,3.0,27.0,4.0,0.04
1609,大亞,10.05,-0.05,-0.5,08/22,3.0,245.0,5.17,0.04,0.0,0.0,0.0,0.0,0.0,0.0,0.0,0.0,3.0,245.0,5.17,0.04
1626,艾美特-KY,30.0,0.9,3.09,08/22,3.0,356.0,25.1,0.29,0.0,0.0,0.0,0.0,-3.0,-110.0,7.76,0.09,3.0,246.0,17.3,0.2
1701,中化,18.6,-0.05,-0.27,08/22,3.0,56.0,5.11,0.02,0.0,0.0,0.0,0.0,0.0,0.0,0.0,0.0,3.0,56.0,5.11,0.02
1709,和益,13.15,-0.05,-0.38,08/22,3.0,71.0,6.62,0.01,0.0,0.0,0.0,0.0,0.0,0.0,0.0,0.0,3.0,71.0,6.62,0.01
1711,永光,16.2,0.05,0.31,08/22,3.0,56.0,5.96,0.01,0.0,0.0,0.0,0.0,0.0,0.0,0.0,0.0,3.0,56.0,5.96,0.01
2028,威致,9.17,0.01,0.11,08/22,0.0,0.0,0.0,0.0,0.0,0.0,0.0,0.0,3.0,2.0,0.26,0.0,3.0,28.0,3.65,0.01
2114,鑫永銓,89.2,0.7,0.79,08/22,3.0,18.0,3.69,0.03,0.0,0.0,0.0,0.0,0.0,0.0,0.0,0.0,3.0,18.0,3.69,0.03
2239,英利-KY,100.0,-1.0,-0.99,08/22,3.0,15.0,4.05,0.01,0.0,0.0,0.0,0.0,0.0,0.0,0.0,0.0,3.0,15.0,4.05,0.01
2338,光罩,27.2,0.1,0.37,08/22,3.0,1679.0,10.4,0.66,0.0,0.0,0.0,0.0,3.0,348.0,2.16,0.14,3.0,2027.0,12.6,0.8
2354,鴻準,63.4,0.1,0.16,08/22,3.0,1672.0,24.4,0.12,0.0,0.0,0.0,0.0,1.0,1.0,0.04,0.0,3.0,1620.0,23.7,0.11
2385,群光,87.2,0.1,0.11,08/22,3.0,640.0,9.38,0.09,6.0,141.0,0.96,0.02,-2.0,-105.0,2.18,0.01,3.0,594.0,8.71,0.08
2393,億光,28.4,0.3,1.07,08/22,3.0,375.0,20.0,0.08,0.0,0.0,0.0,0.0,-1.0,-5.0,0.68,0.0,3.0,444.0,23.7,0.1
2397,友通,87.9,0.0,0.0,08/22,3.0,53.0,8.32,0.05,0.0,0.0,0.0,0.0,0.0,0.0,0.0,0.0,3.0,80.0,12.6,0.07
2413,環科,16.35,-0.1,-0.61,08/22,3.0,25.0,4.59,0.02,0.0,0.0,0.0,0.0,0.0,0.0,0.0,0.0,3.0,28.0,5.14,0.02
2427,三商電,10.25,0.0,0.0,08/22,3.0,17.0,3.99,0.01,0.0,0.0,0.0,0.0,0.0,0.0,0.0,0.0,3.0,17.0,3.99,0.01
2428,興勤,81.0,0.4,0.5,08/22,3.0,103.0,20.2,0.08,0.0,0.0,0.0,0.0,0.0,0.0,0.0,0.0,3.0,94.0,18.4,0.07
2438,翔耀,6.48,-0.01,-0.15,08/22,0.0,0.0,0.0,0.0,0.0,0.0,0.0,0.0,1.0,0.0,0.44,0.0,3.0,6.0,25.2,0.01
2468,華經,12.75,-0.05,-0.39,08/22,0.0,0.0,0.0,0.0,0.0,0.0,0.0,0.0,1.0,0.0,0.37,0.0,3.0,3.0,0.76,0.0
2489,瑞軒,11.1,0.15,1.37,08/22,3.0,349.0,21.5,0.04,0.0,0.0,0.0,0.0,3.0,104.0,6.41,0.01,3.0,453.0,27.9,0.06
2498,宏達電,34.05,0.1,0.29,08/22,3.0,1113.0,13.5,0.14,0.0,0.0,0.0,0.0,-4.0,-772.0,6.48,0.09,3.0,536.0,6.52,0.07
2706,第一店,15.25,-0.1,-0.65,08/22,3.0,54.0,8.87,0.01,0.0,0.0,0.0,0.0,0.0,0.0,0.0,0.0,3.0,54.0,8.87,0.01
2727,王品,76.0,-0.2,-0.26,08/22,3.0,20.0,6.33,0.03,0.0,0.0,0.0,0.0,0.0,0.0,0.0,0.0,3.0,20.0,6.33,0.03
2905,三商,18.0,-0.05,-0.28,08/22,3.0,403.0,14.7,0.05,0.0,0.0,0.0,0.0,0.0,0.0,0.0,0.0,3.0,403.0,14.7,0.05
2936,客思達-KY,23.2,-1.05,-4.33,08/22,3.0,17.0,29.3,0.02,0.0,0.0,0.0,0.0,0.0,0.0,0.0,0.0,3.0,17.0,29.3,0.02
3011,今皓,7.03,-0.07,-0.99,08/22,0.0,0.0,0.0,0.0,0.0,0.0,0.0,0.0,1.0,55.0,25.3,0.05,3.0,113.0,17.8,0.1
3014,聯陽,35.5,-0.15,-0.42,08/22,3.0,609.0,11.0,0.38,0.0,0.0,0.0,0.0,2.0,43.0,2.84,0.03,3.0,637.0,11.5,0.4
3019,亞光,85.8,0.5,0.59,08/22,3.0,1884.0,16.2,0.67,0.0,0.0,0.0,0.0,-1.0,-42.0,0.9,0.01,3.0,1934.0,16.6,0.69
3021,鴻名,14.95,-0.05,-0.33,08/22,0.0,0.0,0.0,0.0,0.0,0.0,0.0,0.0,1.0,0.0,0.35,0.0,3.0,6.0,3.15,0.01
3027,盛達,7.52,-0.01,-0.13,08/22,3.0,64.0,13.2,0.06,0.0,0.0,0.0,0.0,0.0,0.0,0.0,0.0,3.0,64.0,13.2,0.06
3062,建漢,15.15,-0.05,-0.33,08/22,3.0,238.0,7.71,0.07,0.0,0.0,0.0,0.0,0.0,0.0,0.0,0.0,3.0,228.0,7.38,0.07
3090,日電貿,43.7,-0.45,-1.02,08/22,3.0,202.0,12.2,0.11,0.0,0.0,0.0,0.0,-6.0,-17.0,0.48,0.01,3.0,192.0,11.6,0.11
3094,聯傑,16.9,-0.1,-0.59,08/22,0.0,0.0,0.0,0.0,0.0,0.0,0.0,0.0,1.0,1.0,0.88,0.0,3.0,8.0,3.26,0.01
3169,亞信,45.3,-0.6,-1.31,08/22,-2.0,-61.0,2.26,0.11,0.0,0.0,0.0,0.0,2.0,80.0,2.97,0.15,3.0,36.0,0.91,0.07
3211,順達,48.25,0.15,0.31,08/22,3.0,135.0,15.7,0.09,0.0,0.0,0.0,0.0,-3.0,-88.0,10.2,0.06,3.0,47.0,5.47,0.03
3455,由田,77.2,2.2,2.93,08/22,3.0,393.0,6.38,0.64,0.0,0.0,0.0,0.0,2.0,120.0,2.09,0.2,3.0,507.0,8.23,0.82
3479,安勤,70.0,0.2,0.29,08/22,3.0,1161.0,24.9,1.68,0.0,0.0,0.0,0.0,-1.0,-37.0,3.06,0.05,3.0,1135.0,24.4,1.64
3515,華擎,59.5,-0.5,-0.83,08/22,3.0,101.0,22.6,0.08,0.0,0.0,0.0,0.0,0.0,0.0,0.0,0.0,3.0,98.0,21.9,0.08
3532,台勝科,104.5,-0.5,-0.48,08/22,3.0,151.0,16.7,0.04,0.0,0.0,0.0,0.0,-3.0,-53.0,5.87,0.01,3.0,98.0,10.8,0.03
3550,聯穎,14.5,-0.05,-0.34,08/22,3.0,9.0,4.9,0.01,0.0,0.0,0.0,0.0,0.0,0.0,0.0,0.0,3.0,9.0,4.9,0.01
3580,友威科,27.35,-0.05,-0.18,08/22,3.0,68.0,13.0,0.17,0.0,0.0,0.0,0.0,0.0,0.0,0.0,0.0,3.0,57.0,10.9,0.14
3593,力銘,6.95,-0.02,-0.29,08/22,0.0,0.0,0.0,0.0,0.0,0.0,0.0,0.0,1.0,0.0,3.94,0.0,3.0,4.0,9.53,0.01
3607,谷崧,17.6,-0.05,-0.28,08/22,3.0,59.0,10.7,0.05,0.0,0.0,0.0,0.0,0.0,0.0,0.0,0.0,3.0,60.0,10.9,0.05
3666,光耀,17.35,0.75,4.52,08/22,3.0,11.0,3.61,0.02,0.0,0.0,0.0,0.0,0.0,0.0,0.0,0.0,3.0,28.0,9.2,0.06
3694,海華,20.25,-0.35,-1.7,08/22,3.0,28.0,10.0,0.02,0.0,0.0,0.0,0.0,3.0,45.0,16.1,0.03,3.0,73.0,26.2,0.05
3705,永信,41.45,0.2,0.48,08/22,3.0,55.0,16.5,0.02,0.0,0.0,0.0,0.0,0.0,0.0,0.0,0.0,3.0,55.0,16.5,0.02
4129,聯合,46.0,-0.2,-0.43,08/22,3.0,26.0,10.8,0.03,0.0,0.0,0.0,0.0,-1.0,0.0,0.49,0.0,3.0,26.0,10.9,0.03
4303,信立,20.95,0.15,0.72,08/22,2.0,8.0,4.96,0.01,0.0,0.0,0.0,0.0,-1.0,-1.0,1.47,0.0,3.0,11.0,4.24,0.02
4526,東台,17.2,0.05,0.29,08/22,3.0,53.0,15.3,0.02,0.0,0.0,0.0,0.0,0.0,0.0,0.0,0.0,3.0,53.0,15.3,0.02
4720,德淵,14.2,-0.3,-2.07,08/22,-1.0,-1.0,2.1,0.0,0.0,0.0,0.0,0.0,3.0,4.0,2.96,0.0,3.0,7.0,4.97,0.01
4728,雙美,85.8,0.3,0.35,08/22,-1.0,-9.0,1.41,0.02,0.0,0.0,0.0,0.0,3.0,74.0,4.02,0.14,3.0,152.0,8.26,0.28
4916,事欣科,33.55,-0.45,-1.32,08/22,3.0,35.0,2.29,0.04,0.0,0.0,0.0,0.0,0.0,0.0,0.0,0.0,3.0,35.0,2.29,0.04
4930,燦星網,11.2,-0.05,-0.44,08/22,3.0,53.0,31.1,0.04,0.0,0.0,0.0,0.0,-1.0,0.0,0.15,0.0,3.0,54.0,31.5,0.04
4952,凌通,34.75,-0.05,-0.14,08/22,3.0,70.0,15.9,0.06,0.0,0.0,0.0,0.0,0.0,0.0,0.0,0.0,3.0,70.0,15.9,0.06
4953,緯軟,135.5,9.0,7.11,08/22,2.0,552.0,3.29,0.83,3.0,605.0,3.07,0.91,3.0,276.0,1.4,0.42,3.0,1430.0,7.25,2.15
4974,亞泰,46.2,0.35,0.76,08/22,11.0,373.0,8.82,0.51,0.0,0.0,0.0,0.0,1.0,11.0,3.23,0.02,3.0,207.0,9.93,0.29
4976,佳凌,32.1,0.65,2.07,08/22,3.0,177.0,11.6,0.15,0.0,0.0,0.0,0.0,-2.0,-4.0,0.34,0.0,3.0,173.0,11.4,0.15
5203,訊連,85.6,-0.1,-0.12,08/22,3.0,27.0,9.86,0.03,0.0,0.0,0.0,0.0,0.0,0.0,0.0,0.0,3.0,27.0,9.86,0.03
5243,乙盛-KY,43.75,1.35,3.18,08/22,3.0,4235.0,33.8,2.51,0.0,0.0,0.0,0.0,0.0,0.0,0.0,0.0,3.0,4234.0,33.8,2.51
5340,建榮,41.6,-0.3,-0.72,08/22,3.0,182.0,13.3,0.11,0.0,0.0,0.0,0.0,0.0,0.0,0.0,0.0,3.0,182.0,13.3,0.11
5876,上海商銀,48.7,1.05,2.2,08/22,3.0,3140.0,8.15,0.08,0.0,0.0,0.0,0.0,-1.0,-35.0,0.32,0.0,3.0,3568.0,9.26,0.09
6113,亞矽,7.2,0.05,0.7,08/22,-1.0,-6.0,13.3,0.01,0.0,0.0,0.0,0.0,3.0,36.0,19.7,0.07,3.0,30.0,16.4,0.06
6172,互億,19.5,1.35,7.44,08/22,3.0,86.0,5.4,0.29,0.0,0.0,0.0,0.0,0.0,0.0,0.0,0.0,3.0,86.0,5.41,0.29
6177,達麗,28.1,0.05,0.18,08/22,3.0,47.0,12.3,0.02,0.0,0.0,0.0,0.0,0.0,0.0,0.0,0.0,3.0,38.0,9.94,0.01
6184,大豐電,38.7,0.3,0.78,08/22,3.0,11.0,2.08,0.01,0.0,0.0,0.0,0.0,0.0,0.0,0.0,0.0,3.0,11.0,2.08,0.01
6189,豐藝,33.1,0.2,0.61,08/22,3.0,132.0,21.4,0.07,0.0,0.0,0.0,0.0,0.0,0.0,0.0,0.0,3.0,135.0,21.9,0.08
6197,佳必琪,31.0,-0.25,-0.8,08/22,3.0,161.0,15.3,0.13,0.0,0.0,0.0,0.0,0.0,0.0,0.0,0.0,3.0,161.0,15.3,0.13
6206,飛捷,74.4,0.4,0.54,08/22,5.0,62.0,17.6,0.04,0.0,0.0,0.0,0.0,3.0,22.0,10.1,0.02,3.0,71.0,32.6,0.05
6226,光鼎,7.16,0.0,0.0,08/22,3.0,13.0,1.73,0.01,0.0,0.0,0.0,0.0,0.0,0.0,0.0,0.0,3.0,13.0,1.75,0.01
6234,高僑,24.85,-0.15,-0.6,08/22,3.0,33.0,7.32,0.04,0.0,0.0,0.0,0.0,0.0,0.0,0.0,0.0,3.0,33.0,7.32,0.04
6245,立端,75.0,1.5,2.04,08/22,1.0,8.0,0.14,0.01,3.0,888.0,3.99,0.75,3.0,357.0,1.6,0.3,3.0,680.0,3.05,0.58
6568,宏觀,210.0,12.5,6.33,08/22,4.0,140.0,16.3,0.56,1.0,20.0,4.32,0.08,3.0,32.0,4.19,0.13,3.0,189.0,24.7,0.75
6641,基士德-KY,73.9,-0.6,-0.81,08/22,3.0,96.0,17.1,0.28,0.0,0.0,0.0,0.0,0.0,0.0,0.0,0.0,3.0,96.0,17.1,0.28
8176,智捷,9.89,0.07,0.71,08/22,0.0,0.0,0.0,0.0,0.0,0.0,0.0,0.0,1.0,6.0,11.0,0.01,3.0,13.0,8.76,0.02
8255,朋程,94.9,-0.5,-0.52,08/22,3.0,35.0,6.35,0.05,0.0,0.0,0.0,0.0,0.0,0.0,0.0,0.0,3.0,40.0,7.26,0.05
8279,生展,139.0,0.5,0.36,08/22,3.0,21.0,12.9,0.09,0.0,0.0,0.0,0.0,0.0,0.0,0.0,0.0,3.0,21.0,12.9,0.09
8403,盛弘,29.45,0.1,0.34,08/22,3.0,56.0,11.2,0.06,0.0,0.0,0.0,0.0,0.0,0.0,0.0,0.0,3.0,56.0,11.2,0.06
8443,阿瘦,11.0,0.0,0.0,08/22,3.0,14.0,8.63,0.02,0.0,0.0,0.0,0.0,0.0,0.0,0.0,0.0,3.0,16.0,9.86,0.02
8467,波力-KY,49.0,0.6,1.24,08/22,3.0,6.0,15.0,0.01,0.0,0.0,0.0,0.0,0.0,0.0,0.0,0.0,3.0,6.0,15.0,0.01
8906,花王,17.45,0.25,1.45,08/22,0.0,0.0,0.0,0.0,0.0,0.0,0.0,0.0,3.0,1.0,3.01,0.0,3.0,1.0,3.01,0.0
8996,高力,40.65,0.35,0.87,08/22,3.0,27.0,13.2,0.03,0.0,0.0,0.0,0.0,0.0,0.0,0.0,0.0,3.0,27.0,13.2,0.03
9902,台火,9.36,-0.04,-0.43,08/22,0.0,0.0,0.0,0.0,0.0,0.0,0.0,0.0,1.0,0.0,0.07,0.0,3.0,6.0,3.54,0.01
9912,偉聯,8.8,0.0,0.0,08/22,0.0,0.0,0.0,0.0,0.0,0.0,0.0,0.0,3.0,50.0,37.8,0.09,3.0,53.0,40.0,0.1
9939,宏全,55.5,0.0,0.0,08/22,3.0,506.0,16.3,0.17,1.0,70.0,6.44,0.02,1.0,35.0,3.22,0.01,3.0,507.0,16.3,0.17
0056,元大高股息,27.02,-0.03,-0.11,08/22,3.0,51.0,0.43,0.01,0.0,0.0,0.0,0.0,2.0,1900.0,23.4,0.22,2.0,1949.0,24.0,0.23
00725B,國泰投資級公司債,46.86,0.09,0.19,08/22,1.0,126.0,48.3,0.03,0.0,0.0,0.0,0.0,3.0,76.0,0.66,0.02,2.0,199.0,54.2,0.05
00734B,台新JPM新興債,23.12,-0.01,-0.04,08/22,0.0,0.0,0.0,0.0,0.0,0.0,0.0,0.0,2.0,234.0,10.7,1.42,2.0,234.0,10.7,1.42
00754B,群益AAA-AA公司債,49.95,0.28,0.56,08/22,0.0,0.0,0.0,0.0,0.0,0.0,0.0,0.0,2.0,22.0,9.82,0.01,2.0,22.0,9.82,0.01
00764B,群益25年美債,48.92,0.08,0.16,08/22,0.0,0.0,0.0,0.0,0.0,0.0,0.0,0.0,2.0,7.0,3.21,0.0,2.0,7.0,3.21,0.0
00780B,國泰A級金融債,43.97,0.14,0.32,08/22,1.0,14.0,12.2,0.0,0.0,0.0,0.0,0.0,0.0,0.0,0.0,0.0,2.0,16.0,7.34,0.0
00799B,國泰A級醫療債,46.23,0.25,0.54,08/22,1.0,7037.0,98.4,32.7,0.0,0.0,0.0,0.0,-1.0,-20.0,0.28,0.09,2.0,7019.0,96.7,32.6
008201,BP上證50,105.2,-0.2,-0.19,08/22,0.0,0.0,0.0,0.0,0.0,0.0,0.0,0.0,2.0,2.0,95.0,0.12,2.0,2.0,95.0,0.12
020000,富邦特選蘋果N,4.64,0.02,0.43,08/22,0.0,0.0,0.0,0.0,0.0,0.0,0.0,0.0,2.0,215.0,14.4,,2.0,215.0,14.4,
1308,亞聚,15.75,-0.05,-0.32,08/22,1.0,101.0,12.1,0.02,0.0,0.0,0.0,0.0,-1.0,-60.0,7.17,0.01,2.0,57.0,3.31,0.01
1321,大洋,28.25,-0.05,-0.18,08/22,2.0,41.0,5.69,0.02,0.0,0.0,0.0,0.0,0.0,0.0,0.0,0.0,2.0,41.0,5.69,0.02
1442,名軒,15.55,0.05,0.32,08/22,2.0,20.0,9.54,0.01,0.0,0.0,0.0,0.0,0.0,0.0,0.0,0.0,2.0,20.0,9.54,0.01
1444,力麗,9.05,0.01,0.11,08/22,2.0,257.0,19.1,0.03,0.0,0.0,0.0,0.0,0.0,0.0,0.0,0.0,2.0,257.0,19.1,0.03
1454,台富,8.13,0.15,1.88,08/22,2.0,9.0,3.54,0.01,0.0,0.0,0.0,0.0,0.0,0.0,0.0,0.0,2.0,9.0,3.54,0.01
1466,聚隆,8.46,0.08,0.95,08/22,0.0,0.0,0.0,0.0,0.0,0.0,0.0,0.0,1.0,0.0,0.0,0.0,2.0,1.0,0.13,0.0
1503,士電,43.3,0.05,0.12,08/22,2.0,37.0,7.43,0.01,0.0,0.0,0.0,0.0,-2.0,-19.0,3.82,0.0,2.0,18.0,3.62,0.0
1506,正道,15.15,-0.1,-0.66,08/22,0.0,0.0,0.0,0.0,0.0,0.0,0.0,0.0,1.0,1.0,3.01,0.0,2.0,6.0,5.56,0.01
1513,中興電,21.0,0.0,0.0,08/22,2.0,163.0,21.0,0.04,0.0,0.0,0.0,0.0,0.0,0.0,0.0,0.0,2.0,163.0,21.0,0.04
1537,廣隆,151.5,0.5,0.33,08/22,2.0,100.0,34.0,0.12,0.0,0.0,0.0,0.0,-1.0,-8.0,3.88,0.01,2.0,92.0,31.3,0.11
1598,岱宇,41.05,0.2,0.49,08/22,2.0,46.0,15.5,0.05,0.0,0.0,0.0,0.0,0.0,0.0,0.0,0.0,2.0,46.0,15.5,0.05
1604,聲寶,17.6,0.0,0.0,08/22,6.0,1089.0,14.1,0.28,0.0,0.0,0.0,0.0,0.0,0.0,0.0,0.0,2.0,299.0,18.2,0.08
1614,三洋電,27.95,0.15,0.54,08/22,2.0,24.0,16.4,0.01,0.0,0.0,0.0,0.0,0.0,0.0,0.0,0.0,2.0,24.0,16.4,0.01
1618,合機,8.17,-0.06,-0.73,08/22,0.0,0.0,0.0,0.0,0.0,0.0,0.0,0.0,1.0,0.0,1.22,0.0,2.0,10.0,9.31,0.0
1714,和桐,7.01,-0.01,-0.14,08/22,2.0,77.0,5.94,0.01,0.0,0.0,0.0,0.0,0.0,0.0,0.0,0.0,2.0,77.0,5.94,0.01
1731,美吾華,13.0,0.05,0.39,08/22,2.0,7.0,12.0,0.01,0.0,0.0,0.0,0.0,1.0,0.0,0.0,0.0,2.0,7.0,12.0,0.01
1734,杏輝,19.3,0.0,0.0,08/22,2.0,25.0,15.4,0.01,0.0,0.0,0.0,0.0,0.0,0.0,0.0,0.0,2.0,25.0,15.4,0.01
1760,寶齡富錦,87.2,0.4,0.46,08/22,2.0,156.0,25.8,0.2,0.0,0.0,0.0,0.0,-1.0,-7.0,2.63,0.01,2.0,150.0,24.8,0.2
1783,和康生,25.6,0.0,0.0,08/22,2.0,33.0,6.61,0.04,0.0,0.0,0.0,0.0,0.0,0.0,0.0,0.0,2.0,33.0,6.61,0.04
1789,神隆,23.7,-0.05,-0.21,08/22,2.0,89.0,13.2,0.01,0.0,0.0,0.0,0.0,-3.0,-39.0,3.74,0.0,2.0,51.0,7.56,0.01
1796,金穎生技,32.3,0.1,0.31,08/22,0.0,0.0,0.0,0.0,0.0,0.0,0.0,0.0,1.0,0.0,0.03,0.0,2.0,1.0,4.55,0.0
1802,台玻,11.7,-0.05,-0.43,08/22,-1.0,-98.0,9.4,0.0,1.0,144.0,13.8,0.0,0.0,0.0,0.0,0.0,2.0,119.0,6.63,0.0
2020,美亞,15.15,-0.1,-0.66,08/22,2.0,18.0,11.0,0.01,0.0,0.0,0.0,0.0,0.0,0.0,0.0,0.0,2.0,18.0,11.0,0.01
2023,燁輝,9.14,0.01,0.11,08/22,2.0,470.0,28.3,0.03,0.0,0.0,0.0,0.0,0.0,0.0,0.0,0.0,2.0,470.0,28.3,0.03
2038,海光,7.09,0.0,0.0,08/22,2.0,11.0,7.14,0.01,0.0,0.0,0.0,0.0,0.0,0.0,0.0,0.0,2.0,11.0,7.14,0.01
2103,台橡,25.2,-0.1,-0.4,08/22,2.0,327.0,9.4,0.04,0.0,0.0,0.0,0.0,-2.0,-21.0,0.6,0.0,2.0,306.0,8.79,0.04
2105,正新,41.3,1.3,3.25,08/22,2.0,2147.0,21.9,0.07,4.0,168.0,1.21,0.01,1.0,95.0,1.21,0.0,2.0,2343.0,23.9,0.07
2204,中華,24.55,0.5,2.08,08/22,2.0,223.0,7.35,0.02,1.0,57.0,2.79,0.0,-2.0,-43.0,1.42,0.0,2.0,237.0,7.81,0.02
2305,全友,5.98,0.04,0.67,08/22,-1.0,-1.0,0.82,0.0,0.0,0.0,0.0,0.0,1.0,2.0,1.67,0.0,2.0,10.0,4.49,0.0
2329,華泰,18.15,0.2,1.11,08/22,2.0,8354.0,32.2,1.51,2.0,257.0,0.99,0.05,1.0,1.0,0.01,0.0,2.0,8612.0,33.1,1.56
2347,聯強,38.65,0.35,0.91,08/22,2.0,1850.0,18.8,0.11,0.0,0.0,0.0,0.0,1.0,171.0,2.97,0.01,2.0,1935.0,19.7,0.12
2349,錸德,8.84,0.07,0.8,08/22,2.0,331.0,4.17,0.03,0.0,0.0,0.0,0.0,0.0,0.0,0.0,0.0,2.0,391.0,4.92,0.03
2355,敬鵬,32.1,0.8,2.56,08/22,2.0,182.0,12.7,0.05,0.0,0.0,0.0,0.0,2.0,33.0,2.31,0.01,2.0,215.0,15.0,0.05
2360,致茂,150.5,2.0,1.35,08/22,2.0,232.0,10.2,0.06,0.0,0.0,0.0,0.0,5.0,104.0,1.25,0.02,2.0,292.0,12.8,0.07
2363,矽統,8.06,-0.09,-1.1,08/22,2.0,553.0,23.9,0.1,0.0,0.0,0.0,0.0,0.0,0.0,0.0,0.0,2.0,553.0,23.9,0.1
2368,金像電,13.5,0.35,2.66,08/22,-1.0,-242.0,1.07,0.04,1.0,303.0,1.35,0.06,1.0,453.0,2.01,0.08,2.0,1678.0,5.28,0.31
2369,菱生,8.85,-0.06,-0.67,08/22,2.0,145.0,13.7,0.04,0.0,0.0,0.0,0.0,-2.0,-11.0,1.04,0.0,2.0,134.0,12.7,0.04
2374,佳能,16.1,0.05,0.31,08/22,2.0,199.0,24.6,0.07,0.0,0.0,0.0,0.0,1.0,3.0,0.73,0.0,2.0,180.0,22.2,0.06
2392,正崴,35.75,0.9,2.58,08/22,-1.0,-154.0,2.26,0.03,0.0,0.0,0.0,0.0,6.0,710.0,2.83,0.14,2.0,483.0,5.41,0.09
2408,南亞科,70.3,0.1,0.14,08/22,3.0,8446.0,20.7,0.28,-6.0,-4417.0,4.97,0.14,1.0,8.0,0.09,0.0,2.0,5481.0,27.1,0.18
2426,鼎元,15.6,-0.05,-0.32,08/22,2.0,251.0,21.5,0.08,0.0,0.0,0.0,0.0,-2.0,-9.0,0.77,0.0,2.0,242.0,20.7,0.08
2431,聯昌,10.25,0.1,0.99,08/22,2.0,33.0,5.35,0.03,0.0,0.0,0.0,0.0,0.0,0.0,0.0,0.0,2.0,56.0,9.01,0.05
2433,互盛電,48.25,-0.05,-0.1,08/22,2.0,16.0,6.86,0.01,0.0,0.0,0.0,0.0,-4.0,-9.0,1.79,0.01,2.0,11.0,4.72,0.01
2436,偉詮電,27.7,0.1,0.36,08/22,2.0,406.0,18.2,0.23,0.0,0.0,0.0,0.0,-2.0,-5.0,0.22,0.0,2.0,401.0,18.0,0.23
2458,義隆,87.7,5.8,7.08,08/22,2.0,1582.0,3.85,0.52,4.0,5133.0,8.7,1.69,-1.0,-560.0,1.86,0.18,2.0,5437.0,13.2,1.79
2460,建通,9.78,0.04,0.41,08/22,0.0,0.0,0.0,0.0,0.0,0.0,0.0,0.0,1.0,0.0,0.29,0.0,2.0,5.0,3.45,0.0
2472,立隆電,40.2,0.75,1.9,08/22,2.0,610.0,30.4,0.47,0.0,0.0,0.0,0.0,-2.0,-44.0,2.19,0.03,2.0,566.0,28.2,0.44
2484,希華,21.65,-0.1,-0.46,08/22,2.0,974.0,27.0,0.61,0.0,0.0,0.0,0.0,1.0,20.0,0.9,0.01,2.0,994.0,27.6,0.62
2499,東貝,8.25,-0.05,-0.6,08/22,2.0,172.0,16.5,0.04,0.0,0.0,0.0,0.0,0.0,0.0,0.0,0.0,2.0,172.0,16.5,0.04
2504,國產,8.04,0.0,0.0,08/22,2.0,141.0,5.21,0.01,0.0,0.0,0.0,0.0,0.0,0.0,0.0,0.0,2.0,141.0,5.21,0.01
2505,國揚,12.45,-0.15,-1.19,08/22,2.0,132.0,36.9,0.02,0.0,0.0,0.0,0.0,-1.0,0.0,0.23,0.0,2.0,132.0,36.9,0.02
2506,太設,11.65,-0.05,-0.43,08/22,2.0,27.0,36.8,0.01,0.0,0.0,0.0,0.0,0.0,0.0,0.0,0.0,2.0,27.0,36.8,0.01
2509,全坤建,29.0,0.05,0.17,08/22,3.0,36.0,6.36,0.02,0.0,0.0,0.0,0.0,-1.0,-8.0,3.55,0.0,2.0,19.0,5.15,0.01
2524,京城,28.9,-0.1,-0.34,08/22,2.0,80.0,21.1,0.02,0.0,0.0,0.0,0.0,0.0,0.0,0.0,0.0,2.0,80.0,21.2,0.02
2527,宏璟,23.75,0.15,0.64,08/22,2.0,46.0,17.1,0.02,0.0,0.0,0.0,0.0,0.0,0.0,0.0,0.0,2.0,46.0,17.1,0.02
2537,聯上發,8.45,0.16,1.93,08/22,2.0,163.0,2.4,0.05,0.0,0.0,0.0,0.0,-1.0,-1.0,0.03,0.0,2.0,162.0,2.38,0.05
2538,基泰,11.4,0.0,0.0,08/22,2.0,170.0,12.9,0.04,0.0,0.0,0.0,0.0,0.0,0.0,0.0,0.0,2.0,170.0,12.9,0.04
2539,櫻花建,28.35,0.1,0.35,08/22,2.0,34.0,33.5,0.01,0.0,0.0,0.0,0.0,0.0,0.0,0.0,0.0,2.0,39.0,38.4,0.01
2545,皇翔,30.75,0.0,0.0,08/22,2.0,61.0,13.7,0.02,0.0,0.0,0.0,0.0,0.0,0.0,0.0,0.0,2.0,61.0,13.7,0.02
2608,嘉里大榮,36.6,0.25,0.69,08/22,2.0,85.0,30.6,0.02,0.0,0.0,0.0,0.0,-2.0,-13.0,4.67,0.0,2.0,72.0,25.9,0.02
2609,陽明,7.99,-0.01,-0.12,08/22,2.0,434.0,14.9,0.02,0.0,0.0,0.0,0.0,1.0,1.0,0.17,0.0,2.0,435.0,15.0,0.02
2611,志信,7.98,0.0,0.0,08/22,0.0,0.0,0.0,0.0,0.0,0.0,0.0,0.0,1.0,0.0,0.36,0.0,2.0,11.0,10.2,0.01
2613,中櫃,13.5,0.05,0.37,08/22,0.0,0.0,0.0,0.0,0.0,0.0,0.0,0.0,1.0,1.0,1.81,0.0,2.0,7.0,6.84,0.0
2704,國賓,21.4,-0.05,-0.23,08/22,2.0,9.0,6.06,0.0,0.0,0.0,0.0,0.0,1.0,1.0,1.56,0.0,2.0,10.0,6.74,0.0
2705,六福,7.11,-0.01,-0.14,08/22,2.0,190.0,16.0,0.06,0.0,0.0,0.0,0.0,0.0,0.0,0.0,0.0,2.0,190.0,16.0,0.06
2707,晶華,165.5,4.5,2.8,08/22,2.0,16.0,1.21,0.01,0.0,0.0,0.0,0.0,0.0,0.0,0.0,0.0,2.0,9.0,0.68,0.01
2712,遠雄來,43.75,0.0,0.0,08/22,0.0,0.0,0.0,0.0,0.0,0.0,0.0,0.0,2.0,0.0,0.52,0.0,2.0,7.0,42.7,0.01
2841,台開,8.79,-0.04,-0.45,08/22,2.0,62.0,4.46,0.01,0.0,0.0,0.0,0.0,0.0,0.0,0.0,0.0,2.0,62.0,4.46,0.01
2890,永豐金,12.4,0.05,0.4,08/22,2.0,9543.0,35.7,0.08,1.0,935.0,10.7,0.01,1.0,97.0,1.11,0.0,2.0,10241.0,38.3,0.09
2929,淘帝-KY,97.0,0.0,0.0,08/22,2.0,170.0,18.1,0.21,0.0,0.0,0.0,0.0,0.0,0.0,0.0,0.0,2.0,144.0,15.3,0.17
3004,豐達科,95.4,0.2,0.21,08/22,2.0,174.0,13.2,0.33,0.0,0.0,0.0,0.0,0.0,0.0,0.0,0.0,2.0,174.0,13.2,0.33
3008,大立光,3935.0,105.0,2.74,08/22,2.0,187.0,13.2,0.14,1.0,12.0,1.44,0.01,3.0,50.0,2.36,0.04,2.0,211.0,14.8,0.16
3018,同開,25.35,2.25,9.74,08/22,3.0,53.0,3.6,0.07,0.0,0.0,0.0,0.0,0.0,0.0,0.0,0.0,2.0,50.0,3.83,0.07
3036,文曄,40.7,0.15,0.37,08/22,2.0,323.0,10.9,0.05,0.0,0.0,0.0,0.0,-3.0,-154.0,3.39,0.03,2.0,199.0,6.69,0.03
3038,全台,18.5,-0.15,-0.8,08/22,2.0,338.0,13.5,0.21,0.0,0.0,0.0,0.0,0.0,0.0,0.0,0.0,2.0,338.0,13.5,0.21
3047,訊舟,10.5,-0.1,-0.94,08/22,2.0,140.0,13.6,0.08,0.0,0.0,0.0,0.0,-1.0,-1.0,0.1,0.0,2.0,139.0,13.5,0.07
3048,益登,14.2,-0.1,-0.7,08/22,2.0,119.0,15.0,0.05,0.0,0.0,0.0,0.0,-1.0,-26.0,6.51,0.01,2.0,93.0,11.7,0.04
3163,波若威,47.0,1.9,4.21,08/22,3.0,268.0,3.19,0.36,0.0,0.0,0.0,0.0,2.0,90.0,1.19,0.12,2.0,305.0,4.04,0.41
3164,景岳,26.05,0.05,0.19,08/22,2.0,21.0,21.2,0.02,0.0,0.0,0.0,0.0,0.0,0.0,0.0,0.0,2.0,21.0,21.3,0.02
3176,基亞,61.8,-0.9,-1.44,08/22,2.0,12.0,0.94,0.01,0.0,0.0,0.0,0.0,0.0,0.0,0.0,0.0,2.0,12.0,0.94,0.01
3217,優群,56.3,0.9,1.62,08/22,-1.0,-50.0,2.34,0.06,0.0,0.0,0.0,0.0,1.0,180.0,8.44,0.22,2.0,206.0,7.73,0.25
3218,大學光,40.55,0.25,0.62,08/22,2.0,92.0,9.73,0.12,0.0,0.0,0.0,0.0,0.0,0.0,0.0,0.0,2.0,92.0,9.73,0.12
3221,台嘉碩,22.5,1.0,4.65,08/22,2.0,304.0,17.4,0.3,0.0,0.0,0.0,0.0,0.0,0.0,0.0,0.0,2.0,304.0,17.4,0.3
3284,太普高,12.55,-0.05,-0.4,08/22,0.0,0.0,0.0,0.0,0.0,0.0,0.0,0.0,2.0,2.0,1.64,0.0,2.0,2.0,1.64,0.0
3289,宜特,45.5,0.25,0.55,08/22,2.0,207.0,22.0,0.33,0.0,0.0,0.0,0.0,0.0,0.0,0.0,0.0,2.0,212.0,22.6,0.33
3293,鈊象,392.0,9.0,2.35,08/22,2.0,56.0,3.9,0.08,0.0,0.0,0.0,0.0,1.0,106.0,13.0,0.15,2.0,149.0,10.4,0.21
3321,同泰,11.45,0.05,0.44,08/22,2.0,21.0,6.23,0.02,0.0,0.0,0.0,0.0,1.0,0.0,0.01,0.0,2.0,21.0,6.24,0.02
3338,泰碩,95.0,8.6,9.95,08/22,-1.0,-183.0,1.06,0.21,1.0,310.0,1.8,0.36,2.0,1231.0,3.34,1.42,2.0,3261.0,8.84,3.77
3432,台端,13.9,0.0,0.0,08/22,2.0,33.0,25.0,0.05,0.0,0.0,0.0,0.0,1.0,1.0,0.96,0.0,2.0,34.0,25.8,0.05
3437,榮創,15.4,-0.15,-0.96,08/22,2.0,225.0,22.0,0.16,0.0,0.0,0.0,0.0,0.0,0.0,0.0,0.0,2.0,225.0,22.0,0.16
3441,聯一光,28.8,0.15,0.52,08/22,2.0,4.0,1.34,0.01,0.0,0.0,0.0,0.0,0.0,0.0,0.0,0.0,2.0,4.0,1.34,0.01
3529,力旺,359.5,-7.5,-2.04,08/22,-5.0,-231.0,8.2,0.3,6.0,473.0,15.1,0.62,-4.0,-35.0,1.62,0.05,2.0,180.0,13.6,0.24
3533,嘉澤,260.0,5.5,2.16,08/22,-1.0,-51.0,2.02,0.05,10.0,1777.0,6.98,1.72,-1.0,-59.0,2.34,0.06,2.0,451.0,9.25,0.44
3545,敦泰,22.5,-0.25,-1.1,08/22,2.0,752.0,27.4,0.25,0.0,0.0,0.0,0.0,-4.0,-104.0,1.76,0.03,2.0,692.0,25.2,0.23
3548,兆利,70.8,0.3,0.43,08/22,2.0,171.0,14.0,0.28,0.0,0.0,0.0,0.0,1.0,3.0,0.47,0.0,2.0,168.0,13.7,0.28
3552,同致,65.0,0.5,0.78,08/22,2.0,39.0,5.35,0.05,0.0,0.0,0.0,0.0,1.0,48.0,10.0,0.06,2.0,72.0,9.88,0.08
3556,禾瑞亞,47.7,-0.3,-0.62,08/22,2.0,10.0,3.18,0.02,0.0,0.0,0.0,0.0,0.0,0.0,0.0,0.0,2.0,10.0,3.18,0.02
3645,達邁,47.45,1.65,3.6,08/22,2.0,195.0,9.49,0.15,0.0,0.0,0.0,0.0,1.0,93.0,5.37,0.07,2.0,287.0,14.0,0.22
3653,健策,150.5,1.0,0.67,08/22,2.0,560.0,11.9,0.46,-3.0,-308.0,3.83,0.26,1.0,151.0,5.34,0.13,2.0,566.0,12.0,0.47
3665,貿聯-KY,220.5,1.0,0.46,08/22,2.0,390.0,12.6,0.33,1.0,81.0,7.54,0.07,-1.0,-34.0,3.17,0.03,2.0,490.0,15.8,0.41
3708,上緯投控,80.0,0.4,0.5,08/22,2.0,583.0,31.0,0.62,0.0,0.0,0.0,0.0,2.0,147.0,7.82,0.16,2.0,730.0,38.8,0.78
3711,日月光投控,70.7,1.4,2.02,08/22,2.0,3563.0,20.7,0.08,3.0,548.0,1.98,0.01,1.0,677.0,5.61,0.02,2.0,4177.0,24.2,0.1
4108,懷特,18.95,-0.2,-1.04,08/22,2.0,24.0,9.68,0.01,0.0,0.0,0.0,0.0,0.0,0.0,0.0,0.0,2.0,24.0,9.68,0.01
4114,健喬,25.0,0.0,0.0,08/22,2.0,69.0,4.41,0.03,0.0,0.0,0.0,0.0,0.0,0.0,0.0,0.0,2.0,68.0,4.33,0.03
4426,利勤,60.0,0.0,0.0,08/22,2.0,328.0,21.9,0.22,0.0,0.0,0.0,0.0,1.0,3.0,0.72,0.0,2.0,330.0,22.1,0.22
4532,瑞智,23.2,0.1,0.43,08/22,2.0,133.0,20.6,0.03,0.0,0.0,0.0,0.0,0.0,0.0,0.0,0.0,2.0,133.0,20.6,0.03
4743,合一,30.7,0.2,0.66,08/22,2.0,8.0,1.11,0.0,0.0,0.0,0.0,0.0,0.0,0.0,0.0,0.0,2.0,10.0,1.39,0.01
4745,合富-KY,45.8,0.1,0.22,08/22,2.0,43.0,5.67,0.06,0.0,0.0,0.0,0.0,0.0,0.0,0.0,0.0,2.0,43.0,5.67,0.06
4919,新唐,49.3,0.0,0.0,08/22,2.0,470.0,15.5,0.23,-1.0,-94.0,6.04,0.05,3.0,57.0,0.77,0.03,2.0,424.0,14.0,0.2
4933,友輝,28.8,-0.3,-1.03,08/22,2.0,51.0,13.1,0.07,0.0,0.0,0.0,0.0,0.0,0.0,0.0,0.0,2.0,51.0,13.1,0.07
4942,嘉彰,39.3,0.4,1.03,08/22,2.0,689.0,20.5,0.48,0.0,0.0,0.0,0.0,-2.0,-69.0,2.06,0.05,2.0,620.0,18.5,0.44
4947,昂寶-KY,180.0,1.5,0.84,08/22,-1.0,-451.0,5.5,0.81,2.0,976.0,6.73,1.74,2.0,253.0,1.74,0.45,2.0,984.0,6.78,1.76
4958,臻鼎-KY,123.0,4.0,3.36,08/22,2.0,1227.0,7.57,0.14,1.0,860.0,7.48,0.1,1.0,104.0,0.9,0.01,2.0,1842.0,11.4,0.2
4967,十銓,24.7,0.0,0.0,08/22,2.0,40.0,3.39,0.06,0.0,0.0,0.0,0.0,0.0,0.0,0.0,0.0,2.0,40.0,3.39,0.06
4989,榮科,23.1,0.15,0.65,08/22,2.0,10.0,2.21,0.01,0.0,0.0,0.0,0.0,-1.0,-3.0,1.19,0.0,2.0,7.0,1.55,0.0
5234,達興材料,96.8,0.5,0.52,08/22,0.0,0.0,0.0,0.0,0.0,0.0,0.0,0.0,2.0,22.0,2.34,0.02,2.0,46.0,4.89,0.04
5278,尚凡,197.0,7.0,3.68,08/22,2.0,6.0,2.57,0.04,0.0,0.0,0.0,0.0,0.0,0.0,0.0,0.0,2.0,6.0,2.57,0.04
5351,鈺創,10.75,0.0,0.0,08/22,2.0,42.0,6.7,0.01,0.0,0.0,0.0,0.0,0.0,0.0,0.0,0.0,2.0,42.0,6.7,0.01
5410,國眾,17.95,-0.1,-0.55,08/22,2.0,26.0,6.11,0.03,0.0,0.0,0.0,0.0,0.0,0.0,0.0,0.0,2.0,26.0,6.11,0.03
5439,高技,43.1,-0.1,-0.23,08/22,2.0,103.0,11.1,0.12,0.0,0.0,0.0,0.0,-1.0,-18.0,3.32,0.02,2.0,91.0,9.78,0.11
5481,新華,17.1,-0.2,-1.16,08/22,2.0,26.0,4.78,0.03,0.0,0.0,0.0,0.0,0.0,0.0,0.0,0.0,2.0,26.0,4.78,0.03
5488,松普,7.93,0.02,0.25,08/22,2.0,16.0,3.52,0.02,0.0,0.0,0.0,0.0,0.0,0.0,0.0,0.0,2.0,16.0,3.52,0.02
5490,同亨,32.9,0.0,0.0,08/22,2.0,80.0,5.96,0.08,0.0,0.0,0.0,0.0,0.0,0.0,0.0,0.0,2.0,80.0,5.96,0.08
5529,志嘉,6.78,0.06,0.89,08/22,2.0,112.0,2.35,0.09,0.0,0.0,0.0,0.0,1.0,2.0,0.13,0.0,2.0,113.0,2.36,0.09
5533,皇鼎,15.75,0.0,0.0,08/22,2.0,38.0,23.7,0.01,0.0,0.0,0.0,0.0,1.0,0.0,0.1,0.0,2.0,38.0,23.8,0.01
5604,中連貨,39.9,0.1,0.25,08/22,2.0,2.0,1.6,0.0,0.0,0.0,0.0,0.0,-1.0,0.0,0.29,0.0,2.0,2.0,1.52,0.0
6021,大慶證,11.75,-0.1,-0.84,08/22,2.0,251.0,79.0,0.08,0.0,0.0,0.0,0.0,0.0,0.0,0.0,0.0,2.0,251.0,79.0,0.08
6153,嘉聯益,34.15,0.75,2.25,08/22,2.0,4855.0,10.5,1.21,1.0,281.0,0.89,0.07,-1.0,-395.0,1.25,0.1,2.0,4748.0,10.2,1.19
6158,禾昌,26.25,-0.5,-1.87,08/22,2.0,45.0,3.65,0.04,0.0,0.0,0.0,0.0,-1.0,-14.0,1.62,0.01,2.0,31.0,2.51,0.03
6170,統振,15.1,-0.05,-0.33,08/22,2.0,97.0,13.5,0.11,0.0,0.0,0.0,0.0,0.0,0.0,0.0,0.0,2.0,97.0,13.5,0.11
6202,盛群,67.4,0.2,0.3,08/22,2.0,116.0,20.1,0.05,0.0,0.0,0.0,0.0,-4.0,-36.0,2.91,0.02,2.0,110.0,19.1,0.05
6244,茂迪,10.5,-0.35,-3.23,08/22,1.0,126.0,2.97,0.02,0.0,0.0,0.0,0.0,5.0,289.0,1.72,0.05,2.0,188.0,2.86,0.03
6248,沛波,27.7,-0.2,-0.72,08/22,0.0,0.0,0.0,0.0,0.0,0.0,0.0,0.0,2.0,1.0,0.88,0.0,2.0,1.0,0.88,0.0
6269,台郡,96.0,1.1,1.16,08/22,-1.0,-469.0,6.51,0.15,10.0,1837.0,3.44,0.58,1.0,341.0,4.73,0.11,2.0,313.0,3.29,0.1
6275,元山,18.7,0.2,1.08,08/22,2.0,19.0,3.27,0.03,0.0,0.0,0.0,0.0,0.0,0.0,0.0,0.0,2.0,19.0,3.27,0.03
6277,宏正,84.6,0.6,0.71,08/22,2.0,49.0,24.5,0.04,0.0,0.0,0.0,0.0,-2.0,-4.0,2.0,0.0,2.0,45.0,22.5,0.04
6409,旭隼,699.0,5.0,0.72,08/22,2.0,28.0,20.2,0.04,0.0,0.0,0.0,0.0,1.0,1.0,1.19,0.0,2.0,23.0,16.6,0.03
6469,大樹,89.5,-0.5,-0.56,08/22,1.0,6.0,5.93,0.02,0.0,0.0,0.0,0.0,-1.0,0.0,0.18,0.0,2.0,6.0,2.59,0.02
6509,聚和,18.3,0.05,0.27,08/22,2.0,32.0,5.38,0.02,0.0,0.0,0.0,0.0,0.0,0.0,0.0,0.0,2.0,32.0,5.38,0.02
6538,倉和,78.6,7.1,9.93,08/22,2.0,31.0,1.58,0.1,0.0,0.0,0.0,0.0,-1.0,-1.0,0.06,0.0,2.0,32.0,1.63,0.11
6552,易華電,100.0,-1.5,-1.48,08/22,2.0,128.0,3.41,0.13,0.0,0.0,0.0,0.0,2.0,36.0,0.96,0.04,2.0,154.0,4.1,0.15
6556,勝品,46.0,0.35,0.77,08/22,0.0,0.0,0.0,0.0,0.0,0.0,0.0,0.0,2.0,2.0,2.89,0.01,2.0,2.0,2.89,0.01
6558,興能高,66.4,0.4,0.61,08/22,2.0,127.0,6.99,0.15,0.0,0.0,0.0,0.0,0.0,0.0,0.0,0.0,2.0,127.0,6.99,0.15
6609,瀧澤科,28.45,-0.15,-0.52,08/22,2.0,9.0,7.12,0.01,0.0,0.0,0.0,0.0,0.0,0.0,0.0,0.0,2.0,9.0,7.12,0.01
6625,必應,48.5,0.5,1.04,08/22,0.0,0.0,0.0,0.0,0.0,0.0,0.0,0.0,1.0,0.0,2.44,0.0,2.0,1.0,6.03,0.0
6664,群翊,71.3,1.4,2.0,08/22,2.0,141.0,1.15,0.26,1.0,100.0,2.03,0.18,-4.0,-317.0,1.92,0.58,2.0,138.0,1.13,0.25
8033,雷虎,10.8,-0.15,-1.37,08/22,2.0,72.0,10.1,0.07,0.0,0.0,0.0,0.0,0.0,0.0,0.0,0.0,2.0,72.0,10.1,0.07
8050,廣積,43.45,-0.05,-0.11,08/22,2.0,20.0,4.41,0.01,0.0,0.0,0.0,0.0,0.0,0.0,0.0,0.0,2.0,20.0,4.41,0.01
8076,伍豐,40.65,0.35,0.87,08/22,16.0,702.0,7.99,0.27,0.0,0.0,0.0,0.0,-3.0,-83.0,6.09,0.03,2.0,154.0,20.0,0.06
8083,瑞穎,142.0,1.5,1.07,08/22,2.0,14.0,10.0,0.04,0.0,0.0,0.0,0.0,0.0,0.0,0.0,0.0,2.0,14.0,10.0,0.04
8088,品安,22.9,-0.1,-0.43,08/22,2.0,97.0,2.77,0.16,0.0,0.0,0.0,0.0,-1.0,-3.0,0.18,0.0,2.0,94.0,2.68,0.15
8101,華冠,2.68,0.0,0.0,08/22,2.0,23.0,7.97,0.01,0.0,0.0,0.0,0.0,0.0,0.0,0.0,0.0,2.0,23.0,7.97,0.01
8114,振樺電,113.5,-0.5,-0.44,08/22,2.0,100.0,14.4,0.09,0.0,0.0,0.0,0.0,3.0,60.0,5.68,0.06,2.0,158.0,22.8,0.15
8222,寶一,19.6,-0.3,-1.51,08/22,2.0,5.0,5.05,0.01,0.0,0.0,0.0,0.0,0.0,0.0,0.0,0.0,2.0,5.0,5.05,0.01
8374,羅昇,21.05,-0.25,-1.17,08/22,0.0,0.0,0.0,0.0,0.0,0.0,0.0,0.0,1.0,1.0,0.96,0.0,2.0,4.0,1.79,0.0
8437,大地-KY,246.0,6.0,2.5,08/22,2.0,73.0,28.1,0.15,0.0,0.0,0.0,0.0,0.0,0.0,0.0,0.0,2.0,73.0,28.1,0.15
8477,創業家,54.5,1.9,3.61,08/22,0.0,0.0,0.0,0.0,0.0,0.0,0.0,0.0,2.0,0.0,0.29,0.0,2.0,0.0,0.29,0.0
9940,信義,32.0,-0.25,-0.78,08/22,2.0,178.0,25.1,0.02,0.0,0.0,0.0,0.0,-3.0,-61.0,6.03,0.01,2.0,157.0,22.1,0.02
9946,三發地產,24.5,0.6,2.51,08/22,2.0,475.0,9.78,0.17,0.0,0.0,0.0,0.0,0.0,0.0,0.0,0.0,2.0,475.0,9.78,0.17
